{
  "hostel": {
    "smart_ranks": [
      5,
      4,
      3,
      1,
      2,
      6
    ],
    "smarts_scores": [
      6.76,
      6.8999999999999995,
      6.499999999999999,
      9.440000000000001,
      8.459999999999999,
      5.069999999999999
    ],
    "smarts_ranks": [
      5,
      3,
      1,
      2,
      4,
      6
    ],
    "tvk_ranks": [
      6,
      4,
      2,
      3,
      1,
      5
    ],
    "tvk_n_model": [
      12,
      7,
      8,
      7,
      5
    ],
    "monte_carlo": {
      "smart": {
        "winner_probabilities": [
          0.0,
          0.0,
          0.0,
          1.0,
          0.0,
          0.0
        ],
        "stability": 0.9726666666666667,
        "n_iterations": 1000
      },
      "smarts": {
        "winner_probabilities": [
          0.0,
          0.0,
          0.0,
          1.0,
          0.0,
          0.0
        ],
        "stability": 0.9773333333333333,
        "n_iterations": 1000
      }
    }
  },
  "preflib": {
    "smart_ranks": [
      1,
      2,
      3,
      4
    ],
    "smarts_scores": [
      134.07613,
      132.24606,
      126.81978000000001,
      51.745960000000004
    ],
    "smarts_ranks": [
      1,
      2,
      3,
      4
    ],
    "tvk_ranks": [
      1,
      2,
      3,
      4
    ],
    "tvk_n_model": [
      10,
      5,
      18,
      12,
      15
    ],
    "monte_carlo": {
      "smart": {
        "winner_probabilities": [
          1.0,
          0.0,
          0.0,
          0.0
        ],
        "stability": 1.0,
        "n_iterations": 1000
      }
    }
  }
}